<?xml version="1.0" encoding="utf-8"?>
<!--/1425656/1747347/2.50/10/3/Display/-->
<quadcept_library>
  <setting unit="mil" />
  <textstyle name="Default" height="47.244094488189" strokewidth="7.8740157480315" charwidth="47.244094488189" />
  <textstyle name="Dimension" height="19.6850393700787" strokewidth="0" charwidth="19.6850393700787" />
  <textstyle name="H127W0635TH00762" height="50" strokewidth="3" charwidth="25" />
  <textstyle name="H15W15TH02" height="59.0551181102362" strokewidth="7.8740157480315" charwidth="59.0551181102362" />
  <padstyle name="c150_h100" surface="False" plated="True" isvia="False" nopaste="True" nomask="True" complex="False" holesize="39.370078740157">
    <padshape layer="TOP" shape="round" width="59.055118110235" height="59.055118110235" />
    <padshape layer="TOP_SOLDER_MASK" shape="round" width="66.929133858267" height="66.929133858267" />
    <padshape layer="INNER" shape="round" width="59.055118110235" height="59.055118110235" />
    <padshape layer="BOTTOM" shape="round" width="59.055118110235" height="59.055118110235" />
    <padshape layer="BOTTOM_SOLDER_MASK" shape="round" width="66.929133858267" height="66.929133858267" />
  </padstyle>
  <padstyle name="s150_h100" surface="False" plated="True" isvia="False" nopaste="True" nomask="True" complex="False" holesize="39.370078740157">
    <padshape layer="TOP" shape="square" width="59.055118110235" height="59.055118110235" />
    <padshape layer="TOP_SOLDER_MASK" shape="square" width="66.929133858267" height="66.929133858267" />
    <padshape layer="INNER" shape="square" width="59.055118110235" height="59.055118110235" />
    <padshape layer="BOTTOM" shape="square" width="59.055118110235" height="59.055118110235" />
    <padshape layer="BOTTOM_SOLDER_MASK" shape="square" width="66.929133858267" height="66.929133858267" />
  </padstyle>
  <footprint name="SC5211EWA" originx="0" originy="0" pickpointx="0" pickpointy="0">
    <pcbpin number="1" name="1" style="s150_h100" originx="0" originy="0" rotation="90" />
    <pcbpin number="2" name="2" style="c150_h100" originx="99.999999999999" originy="0" rotation="90" />
    <pcbpin number="3" name="3" style="c150_h100" originx="200" originy="0" rotation="90" />
    <pcbpin number="4" name="4" style="c150_h100" originx="300" originy="0" rotation="90" />
    <pcbpin number="5" name="5" style="c150_h100" originx="400" originy="0" rotation="90" />
    <pcbpin number="6" name="6" style="c150_h100" originx="400" originy="599.99999999999" rotation="90" />
    <pcbpin number="7" name="7" style="c150_h100" originx="300" originy="599.99999999999" rotation="90" />
    <pcbpin number="8" name="8" style="c150_h100" originx="200" originy="599.99999999999" rotation="90" />
    <pcbpin number="9" name="9" style="c150_h100" originx="99.999999999999" originy="599.99999999999" rotation="90" />
    <pcbpin number="10" name="10" style="c150_h100" originx="0" originy="599.99999999999" rotation="90" />
    <line layer="TOP_ASSEMBLY" originx="-44.094488188976" originy="644.48818897637" endx="444.09448818897" endy="644.48818897637" width="3.9370078740157" />
    <line layer="TOP_ASSEMBLY" originx="444.09448818897" originy="644.48818897637" endx="444.09448818897" endy="-44.488188976377" width="3.9370078740157" />
    <line layer="TOP_ASSEMBLY" originx="444.09448818897" originy="-44.488188976377" endx="-44.094488188976" endy="-44.488188976377" width="3.9370078740157" />
    <line layer="TOP_ASSEMBLY" originx="-44.094488188976" originy="-44.488188976377" endx="-44.094488188976" endy="644.48818897637" width="3.9370078740157" />
    <line layer="TOP_PLACE_BOUND" originx="-83.464566929133" originy="683.85826771653" endx="483.46456692913" endy="683.85826771653" width="3.9370078740157" />
    <line layer="TOP_PLACE_BOUND" originx="483.46456692913" originy="683.85826771653" endx="483.46456692913" endy="-83.858267716534" width="3.9370078740157" />
    <line layer="TOP_PLACE_BOUND" originx="483.46456692913" originy="-83.858267716534" endx="-83.464566929133" endy="-83.858267716534" width="3.9370078740157" />
    <line layer="TOP_PLACE_BOUND" originx="-83.464566929133" originy="-83.858267716534" endx="-83.464566929133" endy="683.85826771653" width="3.9370078740157" />
    <line layer="TOP_SILKSCREEN" originx="-44.094488188976" originy="-44.488188976377" endx="444.09448818897" endy="-44.488188976377" width="7.8740157480314" />
    <line layer="TOP_SILKSCREEN" originx="444.09448818897" originy="-44.488188976377" endx="444.09448818897" endy="644.48818897637" width="7.8740157480314" />
    <line layer="TOP_SILKSCREEN" originx="444.09448818897" originy="644.48818897637" endx="-44.094488188976" endy="644.48818897637" width="7.8740157480314" />
    <line layer="TOP_SILKSCREEN" originx="-44.094488188976" originy="644.48818897637" endx="-44.094488188976" endy="-44.488188976377" width="7.8740157480314" />
    <line layer="TOP_SILKSCREEN" originx="-62.992125984251" originy="0" endx="-62.992125984251" endy="0" width="3.9370078740157" />
    <arc layer="TOP_SILKSCREEN" originx="-64.960629921259" originy="0" startangle=".0" sweepangle="180.0" radius="1.9685039370079" width="3.9370078740157" />
    <line layer="TOP_SILKSCREEN" originx="-66.929133858267" originy="0" endx="-66.929133858267" endy="0" width="3.9370078740157" />
    <arc layer="TOP_SILKSCREEN" originx="-64.960629921259" originy="0" startangle="-180.0" sweepangle="180.0" radius="1.9685039370079" width="3.9370078740157" />
  </footprint>
  <symbol name="SC52-11EWA" originx="0" originy="0">
    <line originx="200" originy="100" endx="1200" endy="100" width="0" />
    <line originx="1200" originy="-500" endx="1200" endy="100" width="0" />
    <line originx="1200" originy="-500" endx="200" endy="-500" width="0" />
    <line originx="200" originy="100" endx="200" endy="-500" width="0" />
    <sympin number="1" originx="200" originy="0" rotation="180" length="100" width="7.8740157480315" flipped="False">
      <text name="pinname" originx="230" originy="0" style="Default" rotation="0" justify="left" flipped="False" hidden="False" data="A_E" />
      <text name="pindes" originx="140" originy="20" style="Default" rotation="0" justify="lowerright" flipped="False" hidden="False" data="1" />
    </sympin>
    <sympin number="2" originx="200" originy="-100" rotation="180" length="100" width="7.8740157480315" flipped="False">
      <text name="pinname" originx="230" originy="-100" style="Default" rotation="0" justify="left" flipped="False" hidden="False" data="A_D" />
      <text name="pindes" originx="140" originy="-80" style="Default" rotation="0" justify="lowerright" flipped="False" hidden="False" data="2" />
    </sympin>
    <sympin number="3" originx="200" originy="-200" rotation="180" length="100" width="7.8740157480315" flipped="False">
      <text name="pinname" originx="230" originy="-200" style="Default" rotation="0" justify="left" flipped="False" hidden="False" data="COM_K_1" />
      <text name="pindes" originx="140" originy="-180" style="Default" rotation="0" justify="lowerright" flipped="False" hidden="False" data="3" />
    </sympin>
    <sympin number="4" originx="200" originy="-300" rotation="180" length="100" width="7.8740157480315" flipped="False">
      <text name="pinname" originx="230" originy="-300" style="Default" rotation="0" justify="left" flipped="False" hidden="False" data="A_C" />
      <text name="pindes" originx="140" originy="-280" style="Default" rotation="0" justify="lowerright" flipped="False" hidden="False" data="4" />
    </sympin>
    <sympin number="5" originx="200" originy="-400" rotation="180" length="100" width="7.8740157480315" flipped="False">
      <text name="pinname" originx="230" originy="-400" style="Default" rotation="0" justify="left" flipped="False" hidden="False" data="A_DP" />
      <text name="pindes" originx="140" originy="-380" style="Default" rotation="0" justify="lowerright" flipped="False" hidden="False" data="5" />
    </sympin>
    <sympin number="6" originx="1200" originy="-400" rotation="0" length="100" width="7.8740157480315" flipped="False">
      <text name="pinname" originx="1170" originy="-400" style="Default" rotation="0" justify="right" flipped="False" hidden="False" data="A_B" />
      <text name="pindes" originx="1260" originy="-380" style="Default" rotation="0" justify="lowerleft" flipped="False" hidden="False" data="6" />
    </sympin>
    <sympin number="7" originx="1200" originy="-300" rotation="0" length="100" width="7.8740157480315" flipped="False">
      <text name="pinname" originx="1170" originy="-300" style="Default" rotation="0" justify="right" flipped="False" hidden="False" data="A_A" />
      <text name="pindes" originx="1260" originy="-280" style="Default" rotation="0" justify="lowerleft" flipped="False" hidden="False" data="7" />
    </sympin>
    <sympin number="8" originx="1200" originy="-200" rotation="0" length="100" width="7.8740157480315" flipped="False">
      <text name="pinname" originx="1170" originy="-200" style="Default" rotation="0" justify="right" flipped="False" hidden="False" data="COM_K_2" />
      <text name="pindes" originx="1260" originy="-180" style="Default" rotation="0" justify="lowerleft" flipped="False" hidden="False" data="8" />
    </sympin>
    <sympin number="9" originx="1200" originy="-100" rotation="0" length="100" width="7.8740157480315" flipped="False">
      <text name="pinname" originx="1170" originy="-100" style="Default" rotation="0" justify="right" flipped="False" hidden="False" data="A_F" />
      <text name="pindes" originx="1260" originy="-80" style="Default" rotation="0" justify="lowerleft" flipped="False" hidden="False" data="9" />
    </sympin>
    <sympin number="10" originx="1200" originy="0" rotation="0" length="100" width="7.8740157480315" flipped="False">
      <text name="pinname" originx="1170" originy="0" style="Default" rotation="0" justify="right" flipped="False" hidden="False" data="A_G" />
      <text name="pindes" originx="1260" originy="20" style="Default" rotation="0" justify="lowerleft" flipped="False" hidden="False" data="10" />
    </sympin>
  </symbol>
  <component name="SC52-11EWA" designatorprefix="DS" height="285.43307086614" footprint="SC5211EWA">
    <comppin designator="1" sympin="1" pinswap="0" gateswap="0" gate="1" group="1" side="" type="Any" name="A_E" />
    <comppin designator="2" sympin="2" pinswap="0" gateswap="0" gate="1" group="1" side="" type="Any" name="A_D" />
    <comppin designator="3" sympin="3" pinswap="0" gateswap="0" gate="1" group="1" side="" type="Any" name="COM_K_1" />
    <comppin designator="4" sympin="4" pinswap="0" gateswap="0" gate="1" group="1" side="" type="Any" name="A_C" />
    <comppin designator="5" sympin="5" pinswap="0" gateswap="0" gate="1" group="1" side="" type="Any" name="A_DP" />
    <comppin designator="6" sympin="6" pinswap="0" gateswap="0" gate="1" group="1" side="" type="Any" name="A_B" />
    <comppin designator="7" sympin="7" pinswap="0" gateswap="0" gate="1" group="1" side="" type="Any" name="A_A" />
    <comppin designator="8" sympin="8" pinswap="0" gateswap="0" gate="1" group="1" side="" type="Any" name="COM_K_2" />
    <comppin designator="9" sympin="9" pinswap="0" gateswap="0" gate="1" group="1" side="" type="Any" name="A_F" />
    <comppin designator="10" sympin="10" pinswap="0" gateswap="0" gate="1" group="1" side="" type="Any" name="A_G" />
    <attached_symbol gate="1" name="SC52-11EWA" />
    <pinmap designator="1" footprintpin="1" />
    <pinmap designator="2" footprintpin="2" />
    <pinmap designator="3" footprintpin="3" />
    <pinmap designator="4" footprintpin="4" />
    <pinmap designator="5" footprintpin="5" />
    <pinmap designator="6" footprintpin="6" />
    <pinmap designator="7" footprintpin="7" />
    <pinmap designator="8" footprintpin="8" />
    <pinmap designator="9" footprintpin="9" />
    <pinmap designator="10" footprintpin="10" />
    <text name="Datasheet" originx="0" originy="0" style="Default" rotation="0" justify="" flipped="False" hidden="True" data="https://www.kingbrightusa.com/images/catalog/SPEC/SC52-11EWA.pdf" />
    <text name="Description" originx="0" originy="0" style="Default" rotation="0" justify="" flipped="False" hidden="True" data="Display Modules - LED Character and Numeric Red 7-Segment 1 Character Common Cathode 2V 20mA 0.689&quot; H x 0.488&quot; W x 0.276&quot; D (17.50mm x 12.40mm x 7.00mm) 10-DIP (0.600&quot;, 15.24mm)" />
    <text name="Farnell Part Number" originx="0" originy="0" style="Default" rotation="0" justify="" flipped="False" hidden="True" data="" />
    <text name="Farnell Price/Stock" originx="0" originy="0" style="Default" rotation="0" justify="" flipped="False" hidden="True" data="" />
    <text name="Manufacturer_Name" originx="0" originy="0" style="Default" rotation="0" justify="" flipped="False" hidden="True" data="Kingbright" />
    <text name="Manufacturer_Part_Number" originx="1250" originy="200" style="Default" rotation="0" justify="left" flipped="False" hidden="False" data="SC52-11EWA" />
  </component>
</quadcept_library>
